groupID,subjectID,gender,age,handedness,stage,trialID,P,T,W,Shape,Label,CorrectKey,Response,RT,Correct
2,4,1,23,2,formal,1,0,0.03,0.6,square,stranger,j,,NaN,0
2,4,1,23,2,formal,2,0,0.03,0.6,square,self,f,,NaN,0
2,4,1,23,2,formal,3,0,0.03,0.6,circle,stranger,f,j,0.238316500006476,0
2,4,1,23,2,formal,4,0,0.03,0.6,circle,self,j,,NaN,0
2,4,1,23,2,formal,5,0,0.03,0.6,square,stranger,j,,NaN,0
2,4,1,23,2,formal,6,0,0.03,0.6,square,self,f,,NaN,0
2,4,1,23,2,formal,7,0,0.03,0.6,circle,stranger,f,,NaN,0
2,4,1,23,2,formal,8,0,0.03,0.6,circle,self,j,,NaN,0
2,4,1,23,2,formal,9,0,0.03,0.6,square,self,f,,NaN,0
2,4,1,23,2,formal,10,0,0.03,0.6,square,stranger,j,,NaN,0
2,4,1,23,2,formal,11,0,0.03,0.6,circle,stranger,f,j,0.364794499997515,0
2,4,1,23,2,formal,12,0,0.03,0.6,circle,self,j,,NaN,0
2,4,1,23,2,formal,13,0,0.03,0.6,circle,self,j,,NaN,0
2,4,1,23,2,formal,14,0,0.03,0.6,square,self,f,,NaN,0
2,4,1,23,2,formal,15,0,0.03,0.6,square,stranger,j,,NaN,0
2,4,1,23,2,formal,16,0,0.03,0.6,circle,stranger,f,f,0.325362300005509,1
2,4,1,23,2,formal,17,0,0.03,0.6,circle,stranger,f,f,0.312848000001395,1
2,4,1,23,2,formal,18,0,0.03,0.6,square,stranger,j,,NaN,0
2,4,1,23,2,formal,19,0,0.03,0.6,square,self,f,,NaN,0
2,4,1,23,2,formal,20,0,0.03,0.6,circle,self,j,f,0.448194800002966,0
2,4,1,23,2,formal,21,0,0.03,0.6,circle,stranger,f,,NaN,0
2,4,1,23,2,formal,22,0,0.03,0.6,square,self,f,,NaN,0
2,4,1,23,2,formal,23,0,0.03,0.6,square,stranger,j,,NaN,0
2,4,1,23,2,formal,24,0,0.03,0.6,circle,self,j,,NaN,0
2,4,1,23,2,formal,25,0,0.03,0.6,square,stranger,j,,NaN,0
2,4,1,23,2,formal,26,0,0.03,0.6,circle,self,j,,NaN,0
2,4,1,23,2,formal,27,0,0.03,0.6,square,self,f,f,0.234789600013755,1
2,4,1,23,2,formal,28,0,0.03,0.6,circle,stranger,f,,NaN,0
2,4,1,23,2,formal,29,0,0.03,0.6,circle,self,j,,NaN,0
2,4,1,23,2,formal,30,0,0.03,0.6,circle,stranger,f,f,0.339518299995689,1
2,4,1,23,2,formal,31,0,0.03,0.6,square,stranger,j,,NaN,0
2,4,1,23,2,formal,32,0,0.03,0.6,square,self,f,j,0.233284499990987,0
2,4,1,23,2,formal,33,0,0.03,0.6,circle,self,j,,NaN,0
2,4,1,23,2,formal,34,0,0.03,0.6,square,stranger,j,f,0.312329999986105,0
2,4,1,23,2,formal,35,0,0.03,0.6,square,self,f,,NaN,0
2,4,1,23,2,formal,36,0,0.03,0.6,circle,stranger,f,,NaN,0
2,4,1,23,2,formal,37,0,0.03,0.6,circle,stranger,f,,NaN,0
2,4,1,23,2,formal,38,0,0.03,0.6,circle,self,j,,NaN,0
2,4,1,23,2,formal,39,0,0.03,0.6,square,self,f,,NaN,0
2,4,1,23,2,formal,40,0,0.03,0.6,square,stranger,j,j,0.239760099997511,1
2,4,1,23,2,formal,41,0,0.03,0.6,square,self,f,,NaN,0
2,4,1,23,2,formal,42,0,0.03,0.6,circle,self,j,,NaN,0
2,4,1,23,2,formal,43,0,0.03,0.6,square,stranger,j,j,0.324209400016116,1
2,4,1,23,2,formal,44,0,0.03,0.6,circle,stranger,f,,NaN,0
2,4,1,23,2,formal,45,0,0.03,0.6,circle,self,j,,NaN,0
2,4,1,23,2,formal,46,0,0.03,0.6,square,stranger,j,,NaN,0
2,4,1,23,2,formal,47,0,0.03,0.6,square,self,f,j,0.488468299998203,0
2,4,1,23,2,formal,48,0,0.03,0.6,circle,stranger,f,,NaN,0
2,4,1,23,2,formal,49,0,0.03,0.6,square,stranger,j,,NaN,0
2,4,1,23,2,formal,50,0,0.03,0.6,circle,self,j,,NaN,0
2,4,1,23,2,formal,51,0,0.03,0.6,circle,stranger,f,,NaN,0
2,4,1,23,2,formal,52,0,0.03,0.6,square,self,f,,NaN,0
2,4,1,23,2,formal,53,0,0.03,0.6,square,self,f,,NaN,0
2,4,1,23,2,formal,54,0,0.03,0.6,square,stranger,j,,NaN,0
2,4,1,23,2,formal,55,0,0.03,0.6,circle,stranger,f,,NaN,0
2,4,1,23,2,formal,56,0,0.03,0.6,circle,self,j,,NaN,0
2,4,1,23,2,formal,57,0,0.03,0.6,square,stranger,j,,NaN,0
2,4,1,23,2,formal,58,0,0.03,0.6,square,self,f,,NaN,0
2,4,1,23,2,formal,59,0,0.03,0.6,circle,self,j,,NaN,0
2,4,1,23,2,formal,60,0,0.03,0.6,circle,stranger,f,,NaN,0
2,4,1,23,2,formal,61,0,0.03,0.6,square,stranger,j,,NaN,0
2,4,1,23,2,formal,62,0,0.03,0.6,square,self,f,,NaN,0
2,4,1,23,2,formal,63,0,0.03,0.6,circle,self,j,,NaN,0
2,4,1,23,2,formal,64,0,0.03,0.6,circle,stranger,f,,NaN,0
2,4,1,23,2,formal,65,0,0.03,0.6,square,self,f,,NaN,0
2,4,1,23,2,formal,66,0,0.03,0.6,square,stranger,j,,NaN,0
2,4,1,23,2,formal,67,0,0.03,0.6,circle,stranger,f,f,0.329200100008165,1
2,4,1,23,2,formal,68,0,0.03,0.6,circle,self,j,,NaN,0
2,4,1,23,2,formal,69,0,0.03,0.6,circle,self,j,,NaN,0
2,4,1,23,2,formal,70,0,0.03,0.6,square,stranger,j,,NaN,0
2,4,1,23,2,formal,71,0,0.03,0.6,circle,stranger,f,,NaN,0
2,4,1,23,2,formal,72,0,0.03,0.6,square,self,f,,NaN,0
2,4,1,23,2,formal,73,0,0.03,0.6,circle,stranger,f,,NaN,0
2,4,1,23,2,formal,74,0,0.03,0.6,circle,self,j,,NaN,0
2,4,1,23,2,formal,75,0,0.03,0.6,square,stranger,j,,NaN,0
2,4,1,23,2,formal,76,0,0.03,0.6,square,self,f,,NaN,0
2,4,1,23,2,formal,77,0,0.03,0.6,circle,self,j,,NaN,0
2,4,1,23,2,formal,78,0,0.03,0.6,square,stranger,j,,NaN,0
2,4,1,23,2,formal,79,0,0.03,0.6,square,self,f,,NaN,0
2,4,1,23,2,formal,80,0,0.03,0.6,circle,stranger,f,,NaN,0
2,4,1,23,2,formal,81,0,0.03,0.6,square,stranger,j,,NaN,0
2,4,1,23,2,formal,82,0,0.03,0.6,circle,stranger,f,,NaN,0
2,4,1,23,2,formal,83,0,0.03,0.6,circle,self,j,,NaN,0
2,4,1,23,2,formal,84,0,0.03,0.6,square,self,f,,NaN,0
2,4,1,23,2,formal,85,0,0.03,0.6,circle,stranger,f,,NaN,0
2,4,1,23,2,formal,86,0,0.03,0.6,square,stranger,j,,NaN,0
2,4,1,23,2,formal,87,0,0.03,0.6,circle,self,j,,NaN,0
2,4,1,23,2,formal,88,0,0.03,0.6,square,self,f,,NaN,0
2,4,1,23,2,formal,89,0,0.03,0.6,circle,self,j,,NaN,0
2,4,1,23,2,formal,90,0,0.03,0.6,square,stranger,j,,NaN,0
2,4,1,23,2,formal,91,0,0.03,0.6,square,self,f,,NaN,0
2,4,1,23,2,formal,92,0,0.03,0.6,circle,stranger,f,,NaN,0
2,4,1,23,2,formal,93,0,0.03,0.6,circle,stranger,f,,NaN,0
2,4,1,23,2,formal,94,0,0.03,0.6,square,stranger,j,,NaN,0
2,4,1,23,2,formal,95,0,0.03,0.6,circle,self,j,,NaN,0
2,4,1,23,2,formal,96,0,0.03,0.6,square,self,f,,NaN,0
2,4,1,23,2,formal,97,0,0.03,0.6,circle,self,j,,NaN,0
2,4,1,23,2,formal,98,0,0.03,0.6,circle,stranger,f,j,0.233894300006796,0
2,4,1,23,2,formal,99,0,0.03,0.6,square,stranger,j,,NaN,0
2,4,1,23,2,formal,100,0,0.03,0.6,square,self,f,,NaN,0
2,4,1,23,2,formal,101,0,0.03,0.6,circle,stranger,f,,NaN,0
2,4,1,23,2,formal,102,0,0.03,0.6,circle,self,j,,NaN,0
2,4,1,23,2,formal,103,0,0.03,0.6,square,self,f,,NaN,0
2,4,1,23,2,formal,104,0,0.03,0.6,square,stranger,j,,NaN,0
2,4,1,23,2,formal,105,0,0.03,0.6,square,stranger,j,,NaN,0
2,4,1,23,2,formal,106,0,0.03,0.6,circle,self,j,,NaN,0
2,4,1,23,2,formal,107,0,0.03,0.6,circle,stranger,f,,NaN,0
2,4,1,23,2,formal,108,0,0.03,0.6,square,self,f,j,0.555475700006355,0
2,4,1,23,2,formal,109,0,0.03,0.6,circle,stranger,f,,NaN,0
2,4,1,23,2,formal,110,0,0.03,0.6,square,self,f,,NaN,0
2,4,1,23,2,formal,111,0,0.03,0.6,square,stranger,j,f,0.595757300005062,0
2,4,1,23,2,formal,112,0,0.03,0.6,circle,self,j,,NaN,0
2,4,1,23,2,formal,113,0,0.03,0.6,circle,self,j,,NaN,0
2,4,1,23,2,formal,114,0,0.03,0.6,square,stranger,j,,NaN,0
2,4,1,23,2,formal,115,0,0.03,0.6,square,self,f,,NaN,0
2,4,1,23,2,formal,116,0,0.03,0.6,circle,stranger,f,,NaN,0
2,4,1,23,2,formal,117,0,0.03,0.6,circle,self,j,,NaN,0
2,4,1,23,2,formal,118,0,0.03,0.6,square,stranger,j,,NaN,0
2,4,1,23,2,formal,119,0,0.03,0.6,square,self,f,,NaN,0
2,4,1,23,2,formal,120,0,0.03,0.6,circle,stranger,f,,NaN,0
2,4,1,23,2,formal,121,0,0.03,0.6,circle,self,j,j,0.249607200006722,1
2,4,1,23,2,formal,122,0,0.03,0.6,square,self,f,,NaN,0
2,4,1,23,2,formal,123,0,0.03,0.6,circle,stranger,f,,NaN,0
2,4,1,23,2,formal,124,0,0.03,0.6,square,stranger,j,,NaN,0
2,4,1,23,2,formal,125,0,0.03,0.6,square,self,f,,NaN,0
2,4,1,23,2,formal,126,0,0.03,0.6,circle,stranger,f,,NaN,0
2,4,1,23,2,formal,127,0,0.03,0.6,circle,self,j,,NaN,0
2,4,1,23,2,formal,128,0,0.03,0.6,square,stranger,j,,NaN,0
2,4,1,23,2,formal,129,0,0.03,0.6,square,stranger,j,,NaN,0
2,4,1,23,2,formal,130,0,0.03,0.6,circle,stranger,f,j,0.629317900020396,0
2,4,1,23,2,formal,131,0,0.03,0.6,square,self,f,,NaN,0
2,4,1,23,2,formal,132,0,0.03,0.6,circle,self,j,,NaN,0
2,4,1,23,2,formal,133,0,0.03,0.6,square,self,f,,NaN,0
2,4,1,23,2,formal,134,0,0.03,0.6,circle,stranger,f,j,0.419459500000812,0
2,4,1,23,2,formal,135,0,0.03,0.6,square,stranger,j,j,0.314999499998521,1
2,4,1,23,2,formal,136,0,0.03,0.6,circle,self,j,j,0.332659399980912,1
2,4,1,23,2,formal,137,0,0.03,0.6,square,self,f,j,0.509494600002654,0
2,4,1,23,2,formal,138,0,0.03,0.6,square,stranger,j,j,0.490022000012686,1
2,4,1,23,2,formal,139,0,0.03,0.6,circle,stranger,f,,NaN,0
2,4,1,23,2,formal,140,0,0.03,0.6,circle,self,j,,NaN,0
2,4,1,23,2,formal,141,0,0.03,0.6,square,self,f,,NaN,0
2,4,1,23,2,formal,142,0,0.03,0.6,circle,self,j,,NaN,0
2,4,1,23,2,formal,143,0,0.03,0.6,square,stranger,j,,NaN,0
2,4,1,23,2,formal,144,0,0.03,0.6,circle,stranger,f,,NaN,0
2,4,1,23,2,formal,145,0,0.03,0.6,square,stranger,j,,NaN,0
2,4,1,23,2,formal,146,0,0.03,0.6,circle,self,j,,NaN,0
2,4,1,23,2,formal,147,0,0.03,0.6,circle,stranger,f,,NaN,0
2,4,1,23,2,formal,148,0,0.03,0.6,square,self,f,,NaN,0
2,4,1,23,2,formal,149,0,0.03,0.6,circle,self,j,,NaN,0
2,4,1,23,2,formal,150,0,0.03,0.6,square,stranger,j,,NaN,0
2,4,1,23,2,formal,151,0,0.03,0.6,circle,stranger,f,,NaN,0
2,4,1,23,2,formal,152,0,0.03,0.6,square,self,f,,NaN,0
2,4,1,23,2,formal,153,0,0.03,0.6,circle,stranger,f,,NaN,0
2,4,1,23,2,formal,154,0,0.03,0.6,square,self,f,,NaN,0
2,4,1,23,2,formal,155,0,0.03,0.6,circle,self,j,,NaN,0
2,4,1,23,2,formal,156,0,0.03,0.6,square,stranger,j,,NaN,0
2,4,1,23,2,formal,157,0,0.03,0.6,circle,self,j,,NaN,0
2,4,1,23,2,formal,158,0,0.03,0.6,circle,stranger,f,,NaN,0
2,4,1,23,2,formal,159,0,0.03,0.6,square,stranger,j,,NaN,0
2,4,1,23,2,formal,160,0,0.03,0.6,square,self,f,,NaN,0
2,4,1,23,2,formal,161,0,0.03,0.6,square,self,f,,NaN,0
2,4,1,23,2,formal,162,0,0.03,0.6,circle,stranger,f,,NaN,0
2,4,1,23,2,formal,163,0,0.03,0.6,circle,self,j,,NaN,0
2,4,1,23,2,formal,164,0,0.03,0.6,square,stranger,j,,NaN,0
2,4,1,23,2,formal,165,0,0.03,0.6,square,stranger,j,,NaN,0
2,4,1,23,2,formal,166,0,0.03,0.6,circle,self,j,,NaN,0
2,4,1,23,2,formal,167,0,0.03,0.6,circle,stranger,f,,NaN,0
2,4,1,23,2,formal,168,0,0.03,0.6,square,self,f,,NaN,0
2,4,1,23,2,formal,169,0,0.03,0.6,circle,stranger,f,,NaN,0
2,4,1,23,2,formal,170,0,0.03,0.6,circle,self,j,,NaN,0
2,4,1,23,2,formal,171,0,0.03,0.6,square,self,f,,NaN,0
2,4,1,23,2,formal,172,0,0.03,0.6,square,stranger,j,f,0.233216399996309,0
2,4,1,23,2,formal,173,0,0.03,0.6,square,self,f,,NaN,0
2,4,1,23,2,formal,174,0,0.03,0.6,circle,stranger,f,,NaN,0
2,4,1,23,2,formal,175,0,0.03,0.6,square,stranger,j,,NaN,0
2,4,1,23,2,formal,176,0,0.03,0.6,circle,self,j,,NaN,0
2,4,1,23,2,formal,177,0,0.03,0.6,circle,stranger,f,,NaN,0
2,4,1,23,2,formal,178,0,0.03,0.6,square,self,f,,NaN,0
2,4,1,23,2,formal,179,0,0.03,0.6,circle,self,j,,NaN,0
2,4,1,23,2,formal,180,0,0.03,0.6,square,stranger,j,,NaN,0
2,4,1,23,2,formal,181,0,0.03,0.6,square,self,f,,NaN,0
2,4,1,23,2,formal,182,0,0.03,0.6,circle,stranger,f,,NaN,0
2,4,1,23,2,formal,183,0,0.03,0.6,circle,self,j,,NaN,0
2,4,1,23,2,formal,184,0,0.03,0.6,square,stranger,j,,NaN,0
2,4,1,23,2,formal,185,0,0.03,0.6,square,self,f,,NaN,0
2,4,1,23,2,formal,186,0,0.03,0.6,circle,self,j,,NaN,0
2,4,1,23,2,formal,187,0,0.03,0.6,square,stranger,j,,NaN,0
2,4,1,23,2,formal,188,0,0.03,0.6,circle,stranger,f,,NaN,0
2,4,1,23,2,formal,189,0,0.03,0.6,circle,stranger,f,,NaN,0
2,4,1,23,2,formal,190,0,0.03,0.6,square,stranger,j,,NaN,0
2,4,1,23,2,formal,191,0,0.03,0.6,circle,self,j,f,0.243449200002942,0
2,4,1,23,2,formal,192,0,0.03,0.6,square,self,f,,NaN,0
2,4,1,23,2,formal,193,0,0.03,0.6,circle,self,j,,NaN,0
2,4,1,23,2,formal,194,0,0.03,0.6,square,stranger,j,,NaN,0
2,4,1,23,2,formal,195,0,0.03,0.6,square,self,f,j,0.234824399987701,0
2,4,1,23,2,formal,196,0,0.03,0.6,circle,stranger,f,,NaN,0
2,4,1,23,2,formal,197,0,0.03,0.6,circle,self,j,,NaN,0
2,4,1,23,2,formal,198,0,0.03,0.6,circle,stranger,f,,NaN,0
2,4,1,23,2,formal,199,0,0.03,0.6,square,stranger,j,,NaN,0
2,4,1,23,2,formal,200,0,0.03,0.6,square,self,f,j,0.23368480001227,0
2,4,1,23,2,formal,201,0,0.03,0.6,circle,stranger,f,,NaN,0
2,4,1,23,2,formal,202,0,0.03,0.6,square,self,f,,NaN,0
2,4,1,23,2,formal,203,0,0.03,0.6,circle,self,j,,NaN,0
2,4,1,23,2,formal,204,0,0.03,0.6,square,stranger,j,,NaN,0
2,4,1,23,2,formal,205,0,0.03,0.6,square,self,f,,NaN,0
2,4,1,23,2,formal,206,0,0.03,0.6,circle,stranger,f,j,0.586729500006186,0
2,4,1,23,2,formal,207,0,0.03,0.6,square,stranger,j,,NaN,0
2,4,1,23,2,formal,208,0,0.03,0.6,circle,self,j,,NaN,0
2,4,1,23,2,formal,209,0,0.03,0.6,square,stranger,j,,NaN,0
2,4,1,23,2,formal,210,0,0.03,0.6,circle,stranger,f,,NaN,0
2,4,1,23,2,formal,211,0,0.03,0.6,square,self,f,,NaN,0
2,4,1,23,2,formal,212,0,0.03,0.6,circle,self,j,f,0.247989900002722,0
2,4,1,23,2,formal,213,0,0.03,0.6,square,self,f,,NaN,0
2,4,1,23,2,formal,214,0,0.03,0.6,circle,stranger,f,j,0.233352799987188,0
2,4,1,23,2,formal,215,0,0.03,0.6,square,stranger,j,,NaN,0
2,4,1,23,2,formal,216,0,0.03,0.6,circle,self,j,,NaN,0
2,4,1,23,2,formal,217,0,0.03,0.6,square,stranger,j,,NaN,0
2,4,1,23,2,formal,218,0,0.03,0.6,square,self,f,,NaN,0
2,4,1,23,2,formal,219,0,0.03,0.6,circle,self,j,,NaN,0
2,4,1,23,2,formal,220,0,0.03,0.6,circle,stranger,f,,NaN,0
2,4,1,23,2,formal,221,0,0.03,0.6,circle,stranger,f,j,0.579239799990319,0
2,4,1,23,2,formal,222,0,0.03,0.6,square,self,f,,NaN,0
2,4,1,23,2,formal,223,0,0.03,0.6,square,stranger,j,f,0.237053499993635,0
2,4,1,23,2,formal,224,0,0.03,0.6,circle,self,j,,NaN,0
2,4,1,23,2,formal,225,0,0.03,0.6,circle,self,j,,NaN,0
2,4,1,23,2,formal,226,0,0.03,0.6,circle,stranger,f,,NaN,0
2,4,1,23,2,formal,227,0,0.03,0.6,square,self,f,,NaN,0
2,4,1,23,2,formal,228,0,0.03,0.6,square,stranger,j,,NaN,0
2,4,1,23,2,formal,229,0,0.03,0.6,circle,self,j,,NaN,0
2,4,1,23,2,formal,230,0,0.03,0.6,square,self,f,,NaN,0
2,4,1,23,2,formal,231,0,0.03,0.6,square,stranger,j,,NaN,0
2,4,1,23,2,formal,232,0,0.03,0.6,circle,stranger,f,,NaN,0
2,4,1,23,2,formal,233,0,0.03,0.6,square,stranger,j,,NaN,0
2,4,1,23,2,formal,234,0,0.03,0.6,square,self,f,,NaN,0
2,4,1,23,2,formal,235,0,0.03,0.6,circle,stranger,f,,NaN,0
2,4,1,23,2,formal,236,0,0.03,0.6,circle,self,j,,NaN,0
2,4,1,23,2,formal,237,0,0.03,0.6,square,stranger,j,,NaN,0
2,4,1,23,2,formal,238,0,0.03,0.6,square,self,f,,NaN,0
2,4,1,23,2,formal,239,0,0.03,0.6,circle,stranger,f,,NaN,0
2,4,1,23,2,formal,240,0,0.03,0.6,circle,self,j,,NaN,0
2,4,1,23,2,formal,241,0,0.03,0.6,square,stranger,j,,NaN,0
2,4,1,23,2,formal,242,0,0.03,0.6,square,self,f,,NaN,0
2,4,1,23,2,formal,243,0,0.03,0.6,circle,stranger,f,,NaN,0
2,4,1,23,2,formal,244,0,0.03,0.6,circle,self,j,,NaN,0
2,4,1,23,2,formal,245,0,0.03,0.6,circle,stranger,f,,NaN,0
2,4,1,23,2,formal,246,0,0.03,0.6,square,stranger,j,,NaN,0
2,4,1,23,2,formal,247,0,0.03,0.6,square,self,f,,NaN,0
2,4,1,23,2,formal,248,0,0.03,0.6,circle,self,j,,NaN,0
2,4,1,23,2,formal,249,0,0.03,0.6,square,stranger,j,j,0.366145900014089,1
2,4,1,23,2,formal,250,0,0.03,0.6,circle,self,j,,NaN,0
2,4,1,23,2,formal,251,0,0.03,0.6,circle,stranger,f,,NaN,0
2,4,1,23,2,formal,252,0,0.03,0.6,square,self,f,j,0.291337500006193,0
2,4,1,23,2,formal,253,0,0.03,0.6,circle,stranger,f,,NaN,0
2,4,1,23,2,formal,254,0,0.03,0.6,square,self,f,,NaN,0
2,4,1,23,2,formal,255,0,0.03,0.6,circle,self,j,j,0.321492199989734,1
2,4,1,23,2,formal,256,0,0.03,0.6,square,stranger,j,,NaN,0
2,4,1,23,2,formal,257,0,0.03,0.6,square,stranger,j,,NaN,0
2,4,1,23,2,formal,258,0,0.03,0.6,square,self,f,,NaN,0
2,4,1,23,2,formal,259,0,0.03,0.6,circle,stranger,f,,NaN,0
2,4,1,23,2,formal,260,0,0.03,0.6,circle,self,j,,NaN,0
2,4,1,23,2,formal,261,0,0.03,0.6,square,stranger,j,j,0.591653900017263,1
2,4,1,23,2,formal,262,0,0.03,0.6,square,self,f,,NaN,0
2,4,1,23,2,formal,263,0,0.03,0.6,circle,stranger,f,,NaN,0
2,4,1,23,2,formal,264,0,0.03,0.6,circle,self,j,,NaN,0
2,4,1,23,2,formal,265,0,0.03,0.6,circle,self,j,,NaN,0
2,4,1,23,2,formal,266,0,0.03,0.6,circle,stranger,f,,NaN,0
2,4,1,23,2,formal,267,0,0.03,0.6,square,self,f,,NaN,0
2,4,1,23,2,formal,268,0,0.03,0.6,square,stranger,j,,NaN,0
2,4,1,23,2,formal,269,0,0.03,0.6,square,self,f,,NaN,0
2,4,1,23,2,formal,270,0,0.03,0.6,circle,self,j,j,0.290803699987009,1
2,4,1,23,2,formal,271,0,0.03,0.6,circle,stranger,f,,NaN,0
2,4,1,23,2,formal,272,0,0.03,0.6,square,stranger,j,,NaN,0
2,4,1,23,2,formal,273,0,0.03,0.6,square,self,f,,NaN,0
2,4,1,23,2,formal,274,0,0.03,0.6,square,stranger,j,,NaN,0
2,4,1,23,2,formal,275,0,0.03,0.6,circle,self,j,,NaN,0
2,4,1,23,2,formal,276,0,0.03,0.6,circle,stranger,f,,NaN,0
2,4,1,23,2,formal,277,0,0.03,0.6,circle,self,j,,NaN,0
2,4,1,23,2,formal,278,0,0.03,0.6,square,stranger,j,,NaN,0
2,4,1,23,2,formal,279,0,0.03,0.6,square,self,f,,NaN,0
2,4,1,23,2,formal,280,0,0.03,0.6,circle,stranger,f,,NaN,0
2,4,1,23,2,formal,281,0,0.03,0.6,circle,self,j,,NaN,0
2,4,1,23,2,formal,282,0,0.03,0.6,circle,stranger,f,,NaN,0
2,4,1,23,2,formal,283,0,0.03,0.6,square,self,f,,NaN,0
2,4,1,23,2,formal,284,0,0.03,0.6,square,stranger,j,,NaN,0
2,4,1,23,2,formal,285,0,0.03,0.6,circle,stranger,f,,NaN,0
2,4,1,23,2,formal,286,0,0.03,0.6,square,self,f,,NaN,0
2,4,1,23,2,formal,287,0,0.03,0.6,square,stranger,j,,NaN,0
2,4,1,23,2,formal,288,0,0.03,0.6,circle,self,j,,NaN,0
2,4,1,23,2,formal,289,0,0.03,0.6,circle,stranger,f,,NaN,0
2,4,1,23,2,formal,290,0,0.03,0.6,square,self,f,,NaN,0
2,4,1,23,2,formal,291,0,0.03,0.6,square,stranger,j,,NaN,0
2,4,1,23,2,formal,292,0,0.03,0.6,circle,self,j,,NaN,0
2,4,1,23,2,formal,293,0,0.03,0.6,square,self,f,,NaN,0
2,4,1,23,2,formal,294,0,0.03,0.6,circle,stranger,f,,NaN,0
2,4,1,23,2,formal,295,0,0.03,0.6,square,stranger,j,,NaN,0
2,4,1,23,2,formal,296,0,0.03,0.6,circle,self,j,f,0.604657299991231,0
2,4,1,23,2,formal,297,0,0.03,0.6,square,self,f,,NaN,0
2,4,1,23,2,formal,298,0,0.03,0.6,circle,stranger,f,,NaN,0
2,4,1,23,2,formal,299,0,0.03,0.6,circle,self,j,,NaN,0
2,4,1,23,2,formal,300,0,0.03,0.6,square,stranger,j,,NaN,0
2,4,1,23,2,formal,301,0,0.03,0.6,circle,stranger,f,,NaN,0
2,4,1,23,2,formal,302,0,0.03,0.6,circle,self,j,f,0.613800399994943,0
2,4,1,23,2,formal,303,0,0.03,0.6,square,self,f,,NaN,0
2,4,1,23,2,formal,304,0,0.03,0.6,square,stranger,j,,NaN,0
2,4,1,23,2,formal,305,0,0.03,0.6,square,self,f,,NaN,0
2,4,1,23,2,formal,306,0,0.03,0.6,square,stranger,j,,NaN,0
2,4,1,23,2,formal,307,0,0.03,0.6,circle,stranger,f,,NaN,0
2,4,1,23,2,formal,308,0,0.03,0.6,circle,self,j,,NaN,0
2,4,1,23,2,formal,309,0,0.03,0.6,square,self,f,f,0.444815900002141,1
2,4,1,23,2,formal,310,0,0.03,0.6,square,stranger,j,,NaN,0
2,4,1,23,2,formal,311,0,0.03,0.6,circle,self,j,,NaN,0
2,4,1,23,2,formal,312,0,0.03,0.6,circle,stranger,f,,NaN,0
2,4,1,23,2,formal,313,0,0.03,0.6,square,self,f,f,0.510828600003151,1
2,4,1,23,2,formal,314,0,0.03,0.6,circle,stranger,f,,NaN,0
2,4,1,23,2,formal,315,0,0.03,0.6,square,stranger,j,,NaN,0
2,4,1,23,2,formal,316,0,0.03,0.6,circle,self,j,,NaN,0
2,4,1,23,2,formal,317,0,0.03,0.6,square,stranger,j,,NaN,0
2,4,1,23,2,formal,318,0,0.03,0.6,circle,self,j,,NaN,0
2,4,1,23,2,formal,319,0,0.03,0.6,circle,stranger,f,,NaN,0
2,4,1,23,2,formal,320,0,0.03,0.6,square,self,f,f,0.297859100013738,1
2,4,1,23,2,formal,321,0,0.03,0.6,square,stranger,j,,NaN,0
2,4,1,23,2,formal,322,0,0.03,0.6,square,self,f,f,0.604517800005851,1
2,4,1,23,2,formal,323,0,0.03,0.6,circle,self,j,f,0.410425100009888,0
2,4,1,23,2,formal,324,0,0.03,0.6,circle,stranger,f,,NaN,0
2,4,1,23,2,formal,325,0,0.03,0.6,square,self,f,,NaN,0
2,4,1,23,2,formal,326,0,0.03,0.6,square,stranger,j,,NaN,0
2,4,1,23,2,formal,327,0,0.03,0.6,circle,self,j,f,0.624776799988467,0
2,4,1,23,2,formal,328,0,0.03,0.6,circle,stranger,f,,NaN,0
2,4,1,23,2,formal,329,0,0.03,0.6,circle,self,j,,NaN,0
2,4,1,23,2,formal,330,0,0.03,0.6,circle,stranger,f,,NaN,0
2,4,1,23,2,formal,331,0,0.03,0.6,square,stranger,j,,NaN,0
2,4,1,23,2,formal,332,0,0.03,0.6,square,self,f,,NaN,0
2,4,1,23,2,formal,333,0,0.03,0.6,circle,stranger,f,,NaN,0
2,4,1,23,2,formal,334,0,0.03,0.6,square,self,f,,NaN,0
2,4,1,23,2,formal,335,0,0.03,0.6,square,stranger,j,,NaN,0
2,4,1,23,2,formal,336,0,0.03,0.6,circle,self,j,,NaN,0
2,4,1,23,2,formal,337,0,0.03,0.6,square,self,f,j,0.23334249999607,0
2,4,1,23,2,formal,338,0,0.03,0.6,circle,stranger,f,,NaN,0
2,4,1,23,2,formal,339,0,0.03,0.6,square,stranger,j,,NaN,0
2,4,1,23,2,formal,340,0,0.03,0.6,circle,self,j,,NaN,0
2,4,1,23,2,formal,341,0,0.03,0.6,circle,stranger,f,,NaN,0
2,4,1,23,2,formal,342,0,0.03,0.6,square,self,f,,NaN,0
2,4,1,23,2,formal,343,0,0.03,0.6,square,stranger,j,j,0.55685039999662,1
2,4,1,23,2,formal,344,0,0.03,0.6,circle,self,j,,NaN,0
2,4,1,23,2,formal,345,0,0.03,0.6,circle,self,j,,NaN,0
2,4,1,23,2,formal,346,0,0.03,0.6,square,stranger,j,,NaN,0
2,4,1,23,2,formal,347,0,0.03,0.6,square,self,f,,NaN,0
2,4,1,23,2,formal,348,0,0.03,0.6,circle,stranger,f,,NaN,0
2,4,1,23,2,formal,349,0,0.03,0.6,square,stranger,j,,NaN,0
2,4,1,23,2,formal,350,0,0.03,0.6,square,self,f,,NaN,0
2,4,1,23,2,formal,351,0,0.03,0.6,circle,stranger,f,,NaN,0
2,4,1,23,2,formal,352,0,0.03,0.6,circle,self,j,,NaN,0
2,4,1,23,2,formal,353,0,0.03,0.6,square,self,f,,NaN,0
2,4,1,23,2,formal,354,0,0.03,0.6,circle,stranger,f,,NaN,0
2,4,1,23,2,formal,355,0,0.03,0.6,circle,self,j,,NaN,0
2,4,1,23,2,formal,356,0,0.03,0.6,square,stranger,j,,NaN,0
2,4,1,23,2,formal,357,0,0.03,0.6,square,stranger,j,j,0.438275299995439,1
2,4,1,23,2,formal,358,0,0.03,0.6,circle,self,j,,NaN,0
2,4,1,23,2,formal,359,0,0.03,0.6,square,self,f,,NaN,0
2,4,1,23,2,formal,360,0,0.03,0.6,circle,stranger,f,,NaN,0
2,4,1,23,2,formal,361,0,0.03,0.6,square,stranger,j,,NaN,0
2,4,1,23,2,formal,362,0,0.03,0.6,square,self,f,,NaN,0
2,4,1,23,2,formal,363,0,0.03,0.6,circle,stranger,f,,NaN,0
2,4,1,23,2,formal,364,0,0.03,0.6,circle,self,j,,NaN,0
2,4,1,23,2,formal,365,0,0.03,0.6,circle,self,j,,NaN,0
2,4,1,23,2,formal,366,0,0.03,0.6,circle,stranger,f,,NaN,0
2,4,1,23,2,formal,367,0,0.03,0.6,square,self,f,,NaN,0
2,4,1,23,2,formal,368,0,0.03,0.6,square,stranger,j,,NaN,0
2,4,1,23,2,formal,369,0,0.03,0.6,square,stranger,j,,NaN,0
2,4,1,23,2,formal,370,0,0.03,0.6,circle,self,j,,NaN,0
2,4,1,23,2,formal,371,0,0.03,0.6,circle,stranger,f,,NaN,0
2,4,1,23,2,formal,372,0,0.03,0.6,square,self,f,,NaN,0
2,4,1,23,2,formal,373,0,0.03,0.6,circle,stranger,f,,NaN,0
2,4,1,23,2,formal,374,0,0.03,0.6,circle,self,j,,NaN,0
2,4,1,23,2,formal,375,0,0.03,0.6,square,self,f,,NaN,0
2,4,1,23,2,formal,376,0,0.03,0.6,square,stranger,j,,NaN,0
2,4,1,23,2,formal,377,0,0.03,0.6,circle,self,j,,NaN,0
2,4,1,23,2,formal,378,0,0.03,0.6,square,stranger,j,,NaN,0
2,4,1,23,2,formal,379,0,0.03,0.6,circle,stranger,f,,NaN,0
2,4,1,23,2,formal,380,0,0.03,0.6,square,self,f,,NaN,0
2,4,1,23,2,formal,381,0,0.03,0.6,square,stranger,j,,NaN,0
2,4,1,23,2,formal,382,0,0.03,0.6,circle,stranger,f,j,0.551897199999075,0
2,4,1,23,2,formal,383,0,0.03,0.6,square,self,f,f,0.619796599989058,1
2,4,1,23,2,formal,384,0,0.03,0.6,circle,self,j,,NaN,0
2,4,1,23,2,formal,385,0,0.03,0.6,circle,self,j,,NaN,0
2,4,1,23,2,formal,386,0,0.03,0.6,circle,stranger,f,,NaN,0
2,4,1,23,2,formal,387,0,0.03,0.6,square,self,f,,NaN,0
2,4,1,23,2,formal,388,0,0.03,0.6,square,stranger,j,,NaN,0
2,4,1,23,2,formal,389,0,0.03,0.6,circle,self,j,,NaN,0
2,4,1,23,2,formal,390,0,0.03,0.6,circle,stranger,f,,NaN,0
2,4,1,23,2,formal,391,0,0.03,0.6,square,self,f,,NaN,0
2,4,1,23,2,formal,392,0,0.03,0.6,square,stranger,j,,NaN,0
2,4,1,23,2,formal,393,0,0.03,0.6,circle,stranger,f,,NaN,0
2,4,1,23,2,formal,394,0,0.03,0.6,square,stranger,j,,NaN,0
2,4,1,23,2,formal,395,0,0.03,0.6,circle,self,j,,NaN,0
2,4,1,23,2,formal,396,0,0.03,0.6,square,self,f,,NaN,0
2,4,1,23,2,formal,397,0,0.03,0.6,circle,self,j,,NaN,0
2,4,1,23,2,formal,398,0,0.03,0.6,square,stranger,j,,NaN,0
2,4,1,23,2,formal,399,0,0.03,0.6,circle,stranger,f,,NaN,0
2,4,1,23,2,formal,400,0,0.03,0.6,square,self,f,,NaN,0
2,4,1,23,2,formal,401,0,0.03,0.6,circle,self,j,,NaN,0
2,4,1,23,2,formal,402,0,0.03,0.6,circle,stranger,f,,NaN,0
2,4,1,23,2,formal,403,0,0.03,0.6,square,self,f,,NaN,0
2,4,1,23,2,formal,404,0,0.03,0.6,square,stranger,j,,NaN,0
2,4,1,23,2,formal,405,0,0.03,0.6,circle,self,j,,NaN,0
2,4,1,23,2,formal,406,0,0.03,0.6,circle,stranger,f,,NaN,0
2,4,1,23,2,formal,407,0,0.03,0.6,square,stranger,j,,NaN,0
2,4,1,23,2,formal,408,0,0.03,0.6,square,self,f,,NaN,0
2,4,1,23,2,formal,409,0,0.03,0.6,square,self,f,,NaN,0
2,4,1,23,2,formal,410,0,0.03,0.6,circle,stranger,f,,NaN,0
2,4,1,23,2,formal,411,0,0.03,0.6,circle,self,j,,NaN,0
2,4,1,23,2,formal,412,0,0.03,0.6,square,stranger,j,,NaN,0
2,4,1,23,2,formal,413,0,0.03,0.6,circle,stranger,f,j,0.474574499996379,0
2,4,1,23,2,formal,414,0,0.03,0.6,square,stranger,j,,NaN,0
2,4,1,23,2,formal,415,0,0.03,0.6,circle,self,j,,NaN,0
2,4,1,23,2,formal,416,0,0.03,0.6,square,self,f,,NaN,0
2,4,1,23,2,formal,417,0,0.03,0.6,circle,stranger,f,,NaN,0
2,4,1,23,2,formal,418,0,0.03,0.6,circle,self,j,,NaN,0
2,4,1,23,2,formal,419,0,0.03,0.6,square,stranger,j,,NaN,0
2,4,1,23,2,formal,420,0,0.03,0.6,square,self,f,,NaN,0
2,4,1,23,2,formal,421,0,0.03,0.6,square,self,f,,NaN,0
2,4,1,23,2,formal,422,0,0.03,0.6,square,stranger,j,,NaN,0
2,4,1,23,2,formal,423,0,0.03,0.6,circle,self,j,,NaN,0
2,4,1,23,2,formal,424,0,0.03,0.6,circle,stranger,f,,NaN,0
2,4,1,23,2,formal,425,0,0.03,0.6,square,stranger,j,,NaN,0
2,4,1,23,2,formal,426,0,0.03,0.6,square,self,f,,NaN,0
2,4,1,23,2,formal,427,0,0.03,0.6,circle,stranger,f,,NaN,0
2,4,1,23,2,formal,428,0,0.03,0.6,circle,self,j,j,0.622005399985937,1
2,4,1,23,2,formal,429,0,0.03,0.6,circle,self,j,,NaN,0
2,4,1,23,2,formal,430,0,0.03,0.6,square,stranger,j,,NaN,0
2,4,1,23,2,formal,431,0,0.03,0.6,circle,stranger,f,,NaN,0
2,4,1,23,2,formal,432,0,0.03,0.6,square,self,f,j,0.565201999997953,0
2,4,1,23,2,formal,433,0,0.03,0.6,square,self,f,,NaN,0
2,4,1,23,2,formal,434,0,0.03,0.6,circle,stranger,f,,NaN,0
2,4,1,23,2,formal,435,0,0.03,0.6,circle,self,j,,NaN,0
2,4,1,23,2,formal,436,0,0.03,0.6,square,stranger,j,,NaN,0
2,4,1,23,2,formal,437,0,0.03,0.6,square,self,f,,NaN,0
2,4,1,23,2,formal,438,0,0.03,0.6,circle,self,j,,NaN,0
2,4,1,23,2,formal,439,0,0.03,0.6,circle,stranger,f,,NaN,0
2,4,1,23,2,formal,440,0,0.03,0.6,square,stranger,j,,NaN,0
2,4,1,23,2,formal,441,0,0.03,0.6,square,self,f,f,0.525594800012186,1
2,4,1,23,2,formal,442,0,0.03,0.6,circle,stranger,f,,NaN,0
2,4,1,23,2,formal,443,0,0.03,0.6,square,stranger,j,,NaN,0
2,4,1,23,2,formal,444,0,0.03,0.6,circle,self,j,,NaN,0
2,4,1,23,2,formal,445,0,0.03,0.6,circle,self,j,,NaN,0
2,4,1,23,2,formal,446,0,0.03,0.6,square,stranger,j,,NaN,0
2,4,1,23,2,formal,447,0,0.03,0.6,circle,stranger,f,j,0.450296700000763,0
2,4,1,23,2,formal,448,0,0.03,0.6,square,self,f,,NaN,0
2,4,1,23,2,formal,449,0,0.03,0.6,square,stranger,j,f,0.237878399988404,0
2,4,1,23,2,formal,450,0,0.03,0.6,circle,stranger,f,,NaN,0
2,4,1,23,2,formal,451,0,0.03,0.6,square,self,f,,NaN,0
2,4,1,23,2,formal,452,0,0.03,0.6,circle,self,j,,NaN,0
2,4,1,23,2,formal,453,0,0.03,0.6,square,self,f,f,0.609951700025704,1
2,4,1,23,2,formal,454,0,0.03,0.6,square,stranger,j,,NaN,0
2,4,1,23,2,formal,455,0,0.03,0.6,circle,stranger,f,,NaN,0
2,4,1,23,2,formal,456,0,0.03,0.6,circle,self,j,,NaN,0
2,4,1,23,2,formal,457,0,0.03,0.6,square,self,f,,NaN,0
2,4,1,23,2,formal,458,0,0.03,0.6,circle,self,j,j,0.562984499993036,1
2,4,1,23,2,formal,459,0,0.03,0.6,circle,stranger,f,,NaN,0
2,4,1,23,2,formal,460,0,0.03,0.6,square,stranger,j,,NaN,0
2,4,1,23,2,formal,461,0,0.03,0.6,square,stranger,j,f,0.545502399996622,0
2,4,1,23,2,formal,462,0,0.03,0.6,circle,stranger,f,j,0.314290999987861,0
2,4,1,23,2,formal,463,0,0.03,0.6,circle,self,j,,NaN,0
2,4,1,23,2,formal,464,0,0.03,0.6,square,self,f,,NaN,0
2,4,1,23,2,formal,465,0,0.03,0.6,circle,self,j,f,0.26783830000204,0
2,4,1,23,2,formal,466,0,0.03,0.6,square,stranger,j,f,0.378862300014589,0
2,4,1,23,2,formal,467,0,0.03,0.6,square,self,f,f,0.522646199999144,1
2,4,1,23,2,formal,468,0,0.03,0.6,circle,stranger,f,j,0.603167099994607,0
2,4,1,23,2,formal,469,0,0.03,0.6,square,stranger,j,,NaN,0
2,4,1,23,2,formal,470,0,0.03,0.6,circle,stranger,f,,NaN,0
2,4,1,23,2,formal,471,0,0.03,0.6,circle,self,j,f,0.605926000018371,0
2,4,1,23,2,formal,472,0,0.03,0.6,square,self,f,,NaN,0
2,4,1,23,2,formal,473,0,0.03,0.6,circle,self,j,,NaN,0
2,4,1,23,2,formal,474,0,0.03,0.6,square,stranger,j,,NaN,0
2,4,1,23,2,formal,475,0,0.03,0.6,circle,stranger,f,,NaN,0
2,4,1,23,2,formal,476,0,0.03,0.6,square,self,f,,NaN,0
2,4,1,23,2,formal,477,0,0.03,0.6,circle,self,j,j,0.546665000001667,1
2,4,1,23,2,formal,478,0,0.03,0.6,circle,stranger,f,,NaN,0
2,4,1,23,2,formal,479,0,0.03,0.6,square,stranger,j,f,0.604875199991511,0
2,4,1,23,2,formal,480,0,0.03,0.6,square,self,f,,NaN,0
2,4,1,23,2,formal,481,0,0.03,0.6,square,stranger,j,,NaN,0
2,4,1,23,2,formal,482,0,0.03,0.6,circle,self,j,,NaN,0
2,4,1,23,2,formal,483,0,0.03,0.6,circle,stranger,f,,NaN,0
2,4,1,23,2,formal,484,0,0.03,0.6,square,self,f,,NaN,0
2,4,1,23,2,formal,485,0,0.03,0.6,square,stranger,j,,NaN,0
2,4,1,23,2,formal,486,0,0.03,0.6,square,self,f,f,0.44372489998932,1
2,4,1,23,2,formal,487,0,0.03,0.6,circle,stranger,f,j,0.522107400000095,0
2,4,1,23,2,formal,488,0,0.03,0.6,circle,self,j,,NaN,0
2,4,1,23,2,formal,489,0,0.03,0.6,circle,self,j,f,0.42907740001101,0
2,4,1,23,2,formal,490,0,0.03,0.6,square,stranger,j,f,0.504583100002492,0
2,4,1,23,2,formal,491,0,0.03,0.6,circle,stranger,f,j,0.585752899991348,0
2,4,1,23,2,formal,492,0,0.03,0.6,square,self,f,f,0.489897699997528,1
2,4,1,23,2,formal,493,0,0.03,0.6,circle,self,j,,NaN,0
2,4,1,23,2,formal,494,0,0.03,0.6,square,stranger,j,,NaN,0
2,4,1,23,2,formal,495,0,0.03,0.6,square,self,f,j,0.511035400006222,0
2,4,1,23,2,formal,496,0,0.03,0.6,circle,stranger,f,,NaN,0
2,4,1,23,2,formal,497,0,0.03,0.6,square,stranger,j,f,0.491347000002861,0
2,4,1,23,2,formal,498,0,0.03,0.6,circle,self,j,f,0.61872100000619,0
2,4,1,23,2,formal,499,0,0.03,0.6,square,self,f,f,0.506021500012139,1
2,4,1,23,2,formal,500,0,0.03,0.6,circle,stranger,f,,NaN,0
2,4,1,23,2,formal,501,0,0.03,0.6,circle,self,j,f,0.458149299985962,0
2,4,1,23,2,formal,502,0,0.03,0.6,circle,stranger,f,f,0.360974100010935,1
2,4,1,23,2,formal,503,0,0.03,0.6,square,self,f,f,0.25042769999709,1
2,4,1,23,2,formal,504,0,0.03,0.6,square,stranger,j,j,0.328156000003219,1
2,4,1,23,2,formal,505,0,0.03,0.6,square,self,f,f,0.426241900015157,1
2,4,1,23,2,formal,506,0,0.03,0.6,square,stranger,j,j,0.473611900000833,1
2,4,1,23,2,formal,507,0,0.03,0.6,circle,stranger,f,f,0.281421699997736,1
2,4,1,23,2,formal,508,0,0.03,0.6,circle,self,j,f,0.362268900003983,0
2,4,1,23,2,formal,509,0,0.03,0.6,square,self,f,j,0.314547699992545,0
2,4,1,23,2,formal,510,0,0.03,0.6,square,stranger,j,f,0.281466699991142,0
2,4,1,23,2,formal,511,0,0.03,0.6,circle,self,j,f,0.362997999996878,0
2,4,1,23,2,formal,512,0,0.03,0.6,circle,stranger,f,j,0.365014000009978,0
2,4,1,23,2,formal,513,0,0.03,0.6,circle,stranger,f,f,0.426533999998355,1
2,4,1,23,2,formal,514,0,0.03,0.6,square,self,f,f,0.522055600013118,1
2,4,1,23,2,formal,515,0,0.03,0.6,circle,self,j,f,0.425730400020257,0
2,4,1,23,2,formal,516,0,0.03,0.6,square,stranger,j,,NaN,0
2,4,1,23,2,formal,517,0,0.03,0.6,square,stranger,j,j,0.621428099984769,1
2,4,1,23,2,formal,518,0,0.03,0.6,circle,stranger,f,f,0.554532099980861,1
2,4,1,23,2,formal,519,0,0.03,0.6,circle,self,j,j,0.56917600001907,1
2,4,1,23,2,formal,520,0,0.03,0.6,square,self,f,f,0.380955400003586,1
